{
    "filesets": [
        {
            "files": [
                {
                    "file": "00000_rgb.jpg",
                    "id": "00000_rgb"
                },
                {
                    "file": "00001_rgb.jpg",
                    "id": "00001_rgb"
                },
                {
                    "file": "00002_rgb.jpg",
                    "id": "00002_rgb"
                },
                {
                    "file": "00003_rgb.jpg",
                    "id": "00003_rgb"
                },
                {
                    "file": "00004_rgb.jpg",
                    "id": "00004_rgb"
                },
                {
                    "file": "00005_rgb.jpg",
                    "id": "00005_rgb"
                },
                {
                    "file": "00006_rgb.jpg",
                    "id": "00006_rgb"
                },
                {
                    "file": "00007_rgb.jpg",
                    "id": "00007_rgb"
                },
                {
                    "file": "00008_rgb.jpg",
                    "id": "00008_rgb"
                },
                {
                    "file": "00009_rgb.jpg",
                    "id": "00009_rgb"
                },
                {
                    "file": "00010_rgb.jpg",
                    "id": "00010_rgb"
                },
                {
                    "file": "00011_rgb.jpg",
                    "id": "00011_rgb"
                },
                {
                    "file": "00012_rgb.jpg",
                    "id": "00012_rgb"
                },
                {
                    "file": "00013_rgb.jpg",
                    "id": "00013_rgb"
                },
                {
                    "file": "00014_rgb.jpg",
                    "id": "00014_rgb"
                },
                {
                    "file": "00015_rgb.jpg",
                    "id": "00015_rgb"
                },
                {
                    "file": "00016_rgb.jpg",
                    "id": "00016_rgb"
                },
                {
                    "file": "00017_rgb.jpg",
                    "id": "00017_rgb"
                },
                {
                    "file": "00018_rgb.jpg",
                    "id": "00018_rgb"
                },
                {
                    "file": "00019_rgb.jpg",
                    "id": "00019_rgb"
                },
                {
                    "file": "00020_rgb.jpg",
                    "id": "00020_rgb"
                },
                {
                    "file": "00021_rgb.jpg",
                    "id": "00021_rgb"
                },
                {
                    "file": "00022_rgb.jpg",
                    "id": "00022_rgb"
                },
                {
                    "file": "00023_rgb.jpg",
                    "id": "00023_rgb"
                },
                {
                    "file": "00024_rgb.jpg",
                    "id": "00024_rgb"
                },
                {
                    "file": "00025_rgb.jpg",
                    "id": "00025_rgb"
                },
                {
                    "file": "00026_rgb.jpg",
                    "id": "00026_rgb"
                },
                {
                    "file": "00027_rgb.jpg",
                    "id": "00027_rgb"
                },
                {
                    "file": "00028_rgb.jpg",
                    "id": "00028_rgb"
                },
                {
                    "file": "00029_rgb.jpg",
                    "id": "00029_rgb"
                },
                {
                    "file": "00030_rgb.jpg",
                    "id": "00030_rgb"
                },
                {
                    "file": "00031_rgb.jpg",
                    "id": "00031_rgb"
                },
                {
                    "file": "00032_rgb.jpg",
                    "id": "00032_rgb"
                },
                {
                    "file": "00033_rgb.jpg",
                    "id": "00033_rgb"
                },
                {
                    "file": "00034_rgb.jpg",
                    "id": "00034_rgb"
                },
                {
                    "file": "00035_rgb.jpg",
                    "id": "00035_rgb"
                },
                {
                    "file": "00036_rgb.jpg",
                    "id": "00036_rgb"
                },
                {
                    "file": "00037_rgb.jpg",
                    "id": "00037_rgb"
                },
                {
                    "file": "00038_rgb.jpg",
                    "id": "00038_rgb"
                },
                {
                    "file": "00039_rgb.jpg",
                    "id": "00039_rgb"
                },
                {
                    "file": "00040_rgb.jpg",
                    "id": "00040_rgb"
                },
                {
                    "file": "00041_rgb.jpg",
                    "id": "00041_rgb"
                },
                {
                    "file": "00042_rgb.jpg",
                    "id": "00042_rgb"
                },
                {
                    "file": "00043_rgb.jpg",
                    "id": "00043_rgb"
                },
                {
                    "file": "00044_rgb.jpg",
                    "id": "00044_rgb"
                },
                {
                    "file": "00045_rgb.jpg",
                    "id": "00045_rgb"
                },
                {
                    "file": "00046_rgb.jpg",
                    "id": "00046_rgb"
                },
                {
                    "file": "00047_rgb.jpg",
                    "id": "00047_rgb"
                },
                {
                    "file": "00048_rgb.jpg",
                    "id": "00048_rgb"
                },
                {
                    "file": "00049_rgb.jpg",
                    "id": "00049_rgb"
                },
                {
                    "file": "00050_rgb.jpg",
                    "id": "00050_rgb"
                },
                {
                    "file": "00051_rgb.jpg",
                    "id": "00051_rgb"
                },
                {
                    "file": "00052_rgb.jpg",
                    "id": "00052_rgb"
                },
                {
                    "file": "00053_rgb.jpg",
                    "id": "00053_rgb"
                },
                {
                    "file": "00054_rgb.jpg",
                    "id": "00054_rgb"
                },
                {
                    "file": "00055_rgb.jpg",
                    "id": "00055_rgb"
                },
                {
                    "file": "00056_rgb.jpg",
                    "id": "00056_rgb"
                },
                {
                    "file": "00057_rgb.jpg",
                    "id": "00057_rgb"
                },
                {
                    "file": "00058_rgb.jpg",
                    "id": "00058_rgb"
                },
                {
                    "file": "00059_rgb.jpg",
                    "id": "00059_rgb"
                },
                {
                    "file": "00060_rgb.jpg",
                    "id": "00060_rgb"
                },
                {
                    "file": "00061_rgb.jpg",
                    "id": "00061_rgb"
                },
                {
                    "file": "00062_rgb.jpg",
                    "id": "00062_rgb"
                },
                {
                    "file": "00063_rgb.jpg",
                    "id": "00063_rgb"
                },
                {
                    "file": "00064_rgb.jpg",
                    "id": "00064_rgb"
                },
                {
                    "file": "00065_rgb.jpg",
                    "id": "00065_rgb"
                },
                {
                    "file": "00066_rgb.jpg",
                    "id": "00066_rgb"
                },
                {
                    "file": "00067_rgb.jpg",
                    "id": "00067_rgb"
                },
                {
                    "file": "00068_rgb.jpg",
                    "id": "00068_rgb"
                },
                {
                    "file": "00069_rgb.jpg",
                    "id": "00069_rgb"
                },
                {
                    "file": "00070_rgb.jpg",
                    "id": "00070_rgb"
                },
                {
                    "file": "00071_rgb.jpg",
                    "id": "00071_rgb"
                },
                {
                    "file": "00072_rgb.jpg",
                    "id": "00072_rgb"
                },
                {
                    "file": "00073_rgb.jpg",
                    "id": "00073_rgb"
                },
                {
                    "file": "00074_rgb.jpg",
                    "id": "00074_rgb"
                },
                {
                    "file": "00075_rgb.jpg",
                    "id": "00075_rgb"
                },
                {
                    "file": "00076_rgb.jpg",
                    "id": "00076_rgb"
                },
                {
                    "file": "00077_rgb.jpg",
                    "id": "00077_rgb"
                },
                {
                    "file": "00078_rgb.jpg",
                    "id": "00078_rgb"
                }
            ],
            "id": "images"
        }
    ]
}