{
    "channels": [
        "rgb"
    ],
    "hardware": {
        "X_motor": "X-Carve NEMA23",
        "Y_motor": "X-Carve NEMA23",
        "Z_motor": "X-Carve NEMA23",
        "frame": "30profile v1",
        "pan_motor": "iPower Motor GM4108H-120T Brushless Gimbal Motor",
        "sensor": "RX0",
        "tilt_motor": "None"
    },
    "object": {
        "DAG": 40,
        "dataset_id": "3dt",
        "experiment_id": "3dt_03-02-2026",
        "growth_conditions": "SD+LD",
        "growth_environment": "Lyon-indoor",
        "plant_id": "3dt_chenoA",
        "sample": "main_stem",
        "seed_stock": "Col-0",
        "species": "chenopodium album",
        "treatment": "None"
    },
    "task_name": "ImagesFilesetExists",
    "task_params": {
        "fileset_id": "images",
        "scan_id": "Col_A_2026-02-03"
    },
    "workspace": {
        "x": [
            225,
            525
        ],
        "y": [
            220,
            520
        ],
        "z": [
            200,
            500
        ]
    }
}